"indicator","Unit","Date","Value"
"Annual Inflation, Rural Village","Index Sep 2016 = 100","2016M1","2.8"
"Annual Inflation, Rural Village","Index Sep 2016 = 100","2016M2","3.1"
"Annual Inflation, Rural Village","Index Sep 2016 = 100","2016M3","2.7"
"Annual Inflation, Rural Village","Index Sep 2016 = 100","2016M4","2.7"
"Annual Inflation, Rural Village","Index Sep 2016 = 100","2016M5","2.5"
"Annual Inflation, Rural Village","Index Sep 2016 = 100","2016M6","2.6"
"Annual Inflation, Rural Village","Index Sep 2016 = 100","2016M7","3"
"Annual Inflation, Rural Village","Index Sep 2016 = 100","2016M8","2.9"
"Annual Inflation, Rural Village","Index Sep 2016 = 100","2016M9","2.9"
"Annual Inflation, Rural Village","Index Sep 2016 = 100","2016M10","3.1"
"Annual Inflation, Rural Village","Index Sep 2016 = 100","2016M11","3.5"
"Annual Inflation, Rural Village","Index Sep 2016 = 100","2016M12","3.5"
"Annual Inflation, Rural Village","Index Sep 2016 = 100","2017M1","3.6"
"Annual Inflation, Rural Village","Index Sep 2016 = 100","2017M2","3.8"
"Annual Inflation, Rural Village","Index Sep 2016 = 100","2017M3","4.2"
"Annual Inflation, Rural Village","Index Sep 2016 = 100","2017M4","4.2"
"Annual Inflation, Rural Village","Index Sep 2016 = 100","2017M5","4.1"
"Annual Inflation, Rural Village","Index Sep 2016 = 100","2017M6","3.9"
"Annual Inflation, Rural Village","Index Sep 2016 = 100","2017M7","3.7"
"Annual Inflation, Rural Village","Index Sep 2016 = 100","2017M8","3.6"
"Annual Inflation, Rural Village","Index Sep 2016 = 100","2017M9","3.4"
"Annual Inflation, Rural Village","Index Sep 2016 = 100","2017M10","3.3"
"Annual Inflation, Rural Village","Index Sep 2016 = 100","2017M11","3"
"Annual Inflation, Rural Village","Index Sep 2016 = 100","2017M12","3.1"
"Annual Inflation, Rural Village","Index Sep 2016 = 100","2018M1","2.8"
"Annual Inflation, Rural Village","Index Sep 2016 = 100","2018M2","2.7"
"Annual Inflation, Rural Village","Index Sep 2016 = 100","2018M3","2.3"
"Annual Inflation, Rural Village","Index Sep 2016 = 100","2018M4","2.7"
"Annual Inflation, Rural Village","Index Sep 2016 = 100","2018M5","2.5"
"Annual Inflation, Rural Village","Index Sep 2016 = 100","2018M6","2.3"
"Annual Inflation, Rural Village","Index Sep 2016 = 100","2018M7","2.09027356241052"
"Annual Inflation, Rural Village","Index Sep 2016 = 100","2018M8","2"
"Annual Inflation, Rural Village","Index Sep 2016 = 100","2018M9","2"
"Annual Inflation, Rural Village","Index Sep 2016 = 100","2018M10","2.5"
"Annual Inflation, Rural Village","Index Sep 2016 = 100","2018M11","2.6"
"Annual Inflation, Rural Village","Index Sep 2016 = 100","2018M12","2.5"
"Annual Inflation, Rural Village","Index Sep 2016 = 100","2019M1","2.4"
"Annual Inflation, Rural Village","Index Sep 2016 = 100","2019M2","2.27919205759122"
"Annual Inflation, Rural Village","Index Sep 2016 = 100","2019M3","2.18589485803398"
"Annual Inflation, Rural Village","Index Sep 2016 = 100","2019M4","1.6620443462442"
"Annual Inflation, Rural Village","Index Sep 2016 = 100","2019M5","1.80993790926918"
"Annual Inflation, Rural Village","Index Sep 2016 = 100","2019M6","2.09927061497017"
"Annual Inflation, Rural Village","Index Sep 2016 = 100","2019M7","2.13766157666344"
"Annual Inflation, Rural Village","Index Sep 2016 = 100","2019M8","2.2"
"Annual Inflation, Rural Village","Index Sep 2016 = 100","2019M9","2.3"
"Annual Inflation, Rural Village","Index Sep 2016 = 100","2019M10","1.8"
"Annual Inflation, Rural Village","Index Sep 2016 = 100","2019M11","1.5"
"Annual Inflation, Rural Village","Index Sep 2016 = 100","2019M12","1.6"
"Annual Inflation, Rural Village","Index Sep 2016 = 100","2020M1","1.8"
"Annual Inflation, Rural Village","Index Sep 2016 = 100","2020M2","1.9"
"Annual Inflation, Rural Village","Index Sep 2016 = 100","2020M3","2"
"Annual Inflation, Rural Village","Index Sep 2016 = 100","2020M4","2.3"
"Annual Inflation, Rural Village","Index Sep 2016 = 100","2020M5","2.2"
"Annual Inflation, Rural Village","Index Sep 2016 = 100","2020M6","0.4"
"Annual Inflation, Rural Village","Index Sep 2016 = 100","2020M7","1.1"
"Annual Inflation, Rural Village","Index Sep 2016 = 100","2020M8","1.1"
"Annual Inflation, Rural Village","Index Sep 2016 = 100","2020M9","1.9"
"Annual Inflation, Rural Village","Index Sep 2016 = 100","2020M10","2.4"
"Annual Inflation, Rural Village","Index Sep 2016 = 100","2020M11","2.4"
"Annual Inflation, Rural Village","Index Sep 2016 = 100","2020M12","2.4"
"Annual Inflation, Rural Village","Index Sep 2016 = 100","2021M1","2.6"
"Annual Inflation, Rural Village","Index Sep 2016 = 100","2021M2","2.7"
"Annual Inflation, Rural Village","Index Sep 2016 = 100","2021M3","3.5"
"Annual Inflation, Rural Village","Index Sep 2016 = 100","2021M4","5.9"
"Annual Inflation, Rural Village","Index Sep 2016 = 100","2021M5","6.5"
"Annual Inflation, Rural Village","Index Sep 2016 = 100","2021M6","8.3"
"Annual Inflation, Rural Village","Index Sep 2016 = 100","2021M7","9"
"Annual Inflation, Rural Village","Index Sep 2016 = 100","2021M8","8.9"
"Annual Inflation, Rural Village","Index Sep 2016 = 100","2021M9","8.6"
"Annual Inflation, Rural Village","Index Sep 2016 = 100","2021M10","9"
"Annual Inflation, Rural Village","Index Sep 2016 = 100","2021M11","8.8"
"Annual Inflation, Rural Village","Index Sep 2016 = 100","2021M12","8.8"
"Annual Inflation, Rural Village","Index Sep 2016 = 100","2022M1","10.7"
"Annual Inflation, Rural Village","Index Sep 2016 = 100","2022M2","10.6"
"Annual Inflation, Rural Village","Index Sep 2016 = 100","2022M3","9.9"
"Annual Inflation, Rural Village","Index Sep 2016 = 100","2022M4","9.6"
"Annual Inflation, Rural Village","Index Sep 2016 = 100","2022M5","12.1"
"Annual Inflation, Rural Village","Index Sep 2016 = 100","2022M6","13.1169898621497"
"Annual Inflation, Rural Village","Index Sep 2016 = 100","2022M7","14.7875087667358"
"Annual Inflation, Rural Village","Index Sep 2016 = 100","2022M8","15.1113951295839"
"Annual Inflation, Rural Village","Index Sep 2016 = 100","2022M9","14.6673384375928"
"Annual Inflation, Rural Village","Index Sep 2016 = 100","2022M10","13.8"
"Annual Inflation, Rural Village","Index Sep 2016 = 100","2022M11","13"
"Annual Inflation, Rural Village","Index Sep 2016 = 100","2022M12","13.3"
"Annual Inflation, Rural Village","Index Sep 2016 = 100","2023M1","9.3"
"Annual Inflation, Rural Village","Index Sep 2016 = 100","2023M2","9.13740551823692"
"Annual Inflation, Rural Village","Index Sep 2016 = 100","2023M3","10.404345889737"
"Annual Inflation, Rural Village","Index Sep 2016 = 100","2023M4","8.59830311600425"
"Annual Inflation, Rural Village","Index Sep 2016 = 100","2023M5","6.1"
"Annual Inflation, Rural Village","Index Sep 2016 = 100","2023M6","4.8"
"Annual Inflation, Rural Village","Index Sep 2016 = 100","2023M7","1.3"
"Annual Inflation, Rural Village","Index Sep 2016 = 100","2023M8","1"
"Annual Inflation, Rural Village","Index Sep 2016 = 100","2023M9","3.4"
"Annual Inflation, Rural Village","Index Sep 2016 = 100","2023M10","3.1"
"Annual Inflation, Rural Village","Index Sep 2016 = 100","2023M11","3.93219719727209"
"Annual Inflation, Rural Village","Index Sep 2016 = 100","2023M12","3.52292352972521"
"Annual Inflation, Rural Village","Index Sep 2016 = 100","2024M1","4.17733993272176"
"Annual Inflation, Rural Village","Index Sep 2016 = 100","2024M2","4.25819404994696"
"Annual Inflation, Rural Village","Index Sep 2016 = 100","2024M3","2.9"
"Annual Inflation, Rural Village","Index Sep 2016 = 100","2024M4","3.2"
"Annual Inflation, Rural Village","Index Sep 2016 = 100","2024M5","3.2"
"Annual Inflation, Rural Village","Index Sep 2016 = 100","2024M6","3.05907732977579"
"Annual Inflation, Rural Village","Index Sep 2016 = 100","2024M7","4.19910889175106"
"Annual Inflation, Rural Village","Index Sep 2016 = 100","2024M8","4.62771013162444"
"Annual Inflation, Rural Village","Index Sep 2016 = 100","2024M9","1.67206519817504"
"Annual Inflation, Rural Village","Index Sep 2016 = 100","2024M10","1.9"
"Annual Inflation, Rural Village","Index Sep 2016 = 100","2024M11","2.06581484413768"
"Annual Inflation, Rural Village","Index Sep 2016 = 100","2024M12","2"
"Annual Inflation, Rural Village","Index Sep 2016 = 100","2025M1","3.0190583241186"
"Annual Inflation, Rural Village","Index Sep 2016 = 100","2025M2","3.20490295847726"
"Annual Inflation, Rural Village","Index Sep 2016 = 100","2025M3","3.20677798674038"
"Annual Inflation, Rural Village","Index Sep 2016 = 100","2025M4","2.8"
"Annual Inflation, Rural Village","Index Sep 2016 = 100","2025M5","2.44845813594836"
"Annual Inflation, Rural Village","Index Sep 2016 = 100","2025M6","2.45085597059271"
"Annual Inflation, Rural Village","Index Sep 2016 = 100","2025M7","1.80479619951928"
"Annual Inflation, Rural Village","Index Sep 2016 = 100","2025M8","1.64266650068836"
"Annual Inflation, Rural Village","Index Sep 2016 = 100","2025M9","4.03040922754532"
"Annual Inflation, Rural Village","Index Sep 2016 = 100","2025M10","4.22735869912307"
"Annual Inflation, Rural Village","Index Sep 2016 = 100","2025M11","4.03605451973081"
"Annual Inflation, Rural Village","Index Sep 2016 = 100","2025M12","4.10634256373728"
"Annual Inflation, Rural Village","Index Sep 2016 = 100","2026M1","4.2266693260643"
"Annual Inflation, Rural Village","Index Sep 2016 = 100","2026M2","4.3"
"Annual Inflation, Rural Village","Index Sep 2016 = 100","2026M3","4.58583138164681"
"Annual Inflation, Rural Village","Index Sep 2016 = 100","2026M4","11.8"
"Annual Inflation, Rural Village","Index Sep 2016 = 100","2026M5","12.1"
"Annual Inflation, Rural Village","Index Sep 2016 = 100","2026M6","12.1166281199858"
"Annual Inflation, Urban Village","Index Sep 2016 = 100","2016M1","2.6"
"Annual Inflation, Urban Village","Index Sep 2016 = 100","2016M2","3.2"
"Annual Inflation, Urban Village","Index Sep 2016 = 100","2016M3","3.2"
"Annual Inflation, Urban Village","Index Sep 2016 = 100","2016M4","3.2"
"Annual Inflation, Urban Village","Index Sep 2016 = 100","2016M5","3.1"
"Annual Inflation, Urban Village","Index Sep 2016 = 100","2016M6","2.8"
"Annual Inflation, Urban Village","Index Sep 2016 = 100","2016M7","2.7"
"Annual Inflation, Urban Village","Index Sep 2016 = 100","2016M8","2.6"
"Annual Inflation, Urban Village","Index Sep 2016 = 100","2016M9","2.7"
"Annual Inflation, Urban Village","Index Sep 2016 = 100","2016M10","2.7"
"Annual Inflation, Urban Village","Index Sep 2016 = 100","2016M11","2.9"
"Annual Inflation, Urban Village","Index Sep 2016 = 100","2016M12","3"
"Annual Inflation, Urban Village","Index Sep 2016 = 100","2017M1","2.8"
"Annual Inflation, Urban Village","Index Sep 2016 = 100","2017M2","2.9"
"Annual Inflation, Urban Village","Index Sep 2016 = 100","2017M3","3"
"Annual Inflation, Urban Village","Index Sep 2016 = 100","2017M4","3"
"Annual Inflation, Urban Village","Index Sep 2016 = 100","2017M5","3.1"
"Annual Inflation, Urban Village","Index Sep 2016 = 100","2017M6","3.3"
"Annual Inflation, Urban Village","Index Sep 2016 = 100","2017M7","3.2"
"Annual Inflation, Urban Village","Index Sep 2016 = 100","2017M8","3.2"
"Annual Inflation, Urban Village","Index Sep 2016 = 100","2017M9","3"
"Annual Inflation, Urban Village","Index Sep 2016 = 100","2017M10","2.7"
"Annual Inflation, Urban Village","Index Sep 2016 = 100","2017M11","2.6"
"Annual Inflation, Urban Village","Index Sep 2016 = 100","2017M12","2.9"
"Annual Inflation, Urban Village","Index Sep 2016 = 100","2018M1","2.9"
"Annual Inflation, Urban Village","Index Sep 2016 = 100","2018M2","2.9"
"Annual Inflation, Urban Village","Index Sep 2016 = 100","2018M3","2.6"
"Annual Inflation, Urban Village","Index Sep 2016 = 100","2018M4","3.1"
"Annual Inflation, Urban Village","Index Sep 2016 = 100","2018M5","3"
"Annual Inflation, Urban Village","Index Sep 2016 = 100","2018M6","2.7"
"Annual Inflation, Urban Village","Index Sep 2016 = 100","2018M7","2.70252416281398"
"Annual Inflation, Urban Village","Index Sep 2016 = 100","2018M8","2.6"
"Annual Inflation, Urban Village","Index Sep 2016 = 100","2018M9","2.7"
"Annual Inflation, Urban Village","Index Sep 2016 = 100","2018M10","3.4"
"Annual Inflation, Urban Village","Index Sep 2016 = 100","2018M11","3.6"
"Annual Inflation, Urban Village","Index Sep 2016 = 100","2018M12","3.5"
"Annual Inflation, Urban Village","Index Sep 2016 = 100","2019M1","3.4"
"Annual Inflation, Urban Village","Index Sep 2016 = 100","2019M2","3.2"
"Annual Inflation, Urban Village","Index Sep 2016 = 100","2019M3","3.2"
"Annual Inflation, Urban Village","Index Sep 2016 = 100","2019M4","2.6"
"Annual Inflation, Urban Village","Index Sep 2016 = 100","2019M5","2.7"
"Annual Inflation, Urban Village","Index Sep 2016 = 100","2019M6","2.9"
"Annual Inflation, Urban Village","Index Sep 2016 = 100","2019M7","3"
"Annual Inflation, Urban Village","Index Sep 2016 = 100","2019M8","3.1"
"Annual Inflation, Urban Village","Index Sep 2016 = 100","2019M9","3.1"
"Annual Inflation, Urban Village","Index Sep 2016 = 100","2019M10","2.5"
"Annual Inflation, Urban Village","Index Sep 2016 = 100","2019M11","2.3"
"Annual Inflation, Urban Village","Index Sep 2016 = 100","2019M12","2.3"
"Annual Inflation, Urban Village","Index Sep 2016 = 100","2020M1","2.3"
"Annual Inflation, Urban Village","Index Sep 2016 = 100","2020M2","2.3"
"Annual Inflation, Urban Village","Index Sep 2016 = 100","2020M3","2.3"
"Annual Inflation, Urban Village","Index Sep 2016 = 100","2020M4","2.6"
"Annual Inflation, Urban Village","Index Sep 2016 = 100","2020M5","2.3"
"Annual Inflation, Urban Village","Index Sep 2016 = 100","2020M6","1.1"
"Annual Inflation, Urban Village","Index Sep 2016 = 100","2020M7","0.9"
"Annual Inflation, Urban Village","Index Sep 2016 = 100","2020M8","1"
"Annual Inflation, Urban Village","Index Sep 2016 = 100","2020M9","1.7"
"Annual Inflation, Urban Village","Index Sep 2016 = 100","2020M10","2.2"
"Annual Inflation, Urban Village","Index Sep 2016 = 100","2020M11","2.2"
"Annual Inflation, Urban Village","Index Sep 2016 = 100","2020M12","2.1"
"Annual Inflation, Urban Village","Index Sep 2016 = 100","2021M1","2"
"Annual Inflation, Urban Village","Index Sep 2016 = 100","2021M2","2.1"
"Annual Inflation, Urban Village","Index Sep 2016 = 100","2021M3","2.9"
"Annual Inflation, Urban Village","Index Sep 2016 = 100","2021M4","5.5"
"Annual Inflation, Urban Village","Index Sep 2016 = 100","2021M5","6.1"
"Annual Inflation, Urban Village","Index Sep 2016 = 100","2021M6","8.2"
"Annual Inflation, Urban Village","Index Sep 2016 = 100","2021M7","8.8"
"Annual Inflation, Urban Village","Index Sep 2016 = 100","2021M8","8.7"
"Annual Inflation, Urban Village","Index Sep 2016 = 100","2021M9","8.4"
"Annual Inflation, Urban Village","Index Sep 2016 = 100","2021M10","8.7"
"Annual Inflation, Urban Village","Index Sep 2016 = 100","2021M11","8.5"
"Annual Inflation, Urban Village","Index Sep 2016 = 100","2021M12","8.6"
"Annual Inflation, Urban Village","Index Sep 2016 = 100","2022M1","10.4"
"Annual Inflation, Urban Village","Index Sep 2016 = 100","2022M2","10.4"
"Annual Inflation, Urban Village","Index Sep 2016 = 100","2022M3","9.9"
"Annual Inflation, Urban Village","Index Sep 2016 = 100","2022M4","9.4"
"Annual Inflation, Urban Village","Index Sep 2016 = 100","2022M5","11.8"
"Annual Inflation, Urban Village","Index Sep 2016 = 100","2022M6","12.4"
"Annual Inflation, Urban Village","Index Sep 2016 = 100","2022M7","14.2"
"Annual Inflation, Urban Village","Index Sep 2016 = 100","2022M8","14.5"
"Annual Inflation, Urban Village","Index Sep 2016 = 100","2022M9","13.5"
"Annual Inflation, Urban Village","Index Sep 2016 = 100","2022M10","12.8"
"Annual Inflation, Urban Village","Index Sep 2016 = 100","2022M11","11.8172192762404"
"Annual Inflation, Urban Village","Index Sep 2016 = 100","2022M12","12.2"
"Annual Inflation, Urban Village","Index Sep 2016 = 100","2023M1","9.4"
"Annual Inflation, Urban Village","Index Sep 2016 = 100","2023M2","9.0789948494477"
"Annual Inflation, Urban Village","Index Sep 2016 = 100","2023M3","9.7414941343424"
"Annual Inflation, Urban Village","Index Sep 2016 = 100","2023M4","7.89349801195072"
"Annual Inflation, Urban Village","Index Sep 2016 = 100","2023M5","5.6"
"Annual Inflation, Urban Village","Index Sep 2016 = 100","2023M6","4.6"
"Annual Inflation, Urban Village","Index Sep 2016 = 100","2023M7","1.5"
"Annual Inflation, Urban Village","Index Sep 2016 = 100","2023M8","1.2"
"Annual Inflation, Urban Village","Index Sep 2016 = 100","2023M9","3.1"
"Annual Inflation, Urban Village","Index Sep 2016 = 100","2023M10","2.9"
"Annual Inflation, Urban Village","Index Sep 2016 = 100","2023M11","3.72834606997625"
"Annual Inflation, Urban Village","Index Sep 2016 = 100","2023M12","3.37473378160782"
"Annual Inflation, Urban Village","Index Sep 2016 = 100","2024M1","3.6888293331214"
"Annual Inflation, Urban Village","Index Sep 2016 = 100","2024M2","3.66582245855509"
"Annual Inflation, Urban Village","Index Sep 2016 = 100","2024M3","2.8"
"Annual Inflation, Urban Village","Index Sep 2016 = 100","2024M4","3"
"Annual Inflation, Urban Village","Index Sep 2016 = 100","2024M5","2.9"
"Annual Inflation, Urban Village","Index Sep 2016 = 100","2024M6","2.72397413554011"
"Annual Inflation, Urban Village","Index Sep 2016 = 100","2024M7","3.65582712117367"
"Annual Inflation, Urban Village","Index Sep 2016 = 100","2024M8","3.75653158506464"
"Annual Inflation, Urban Village","Index Sep 2016 = 100","2024M9","1.40699104827873"
"Annual Inflation, Urban Village","Index Sep 2016 = 100","2024M10","1.6"
"Annual Inflation, Urban Village","Index Sep 2016 = 100","2024M11","1.78595643554154"
"Annual Inflation, Urban Village","Index Sep 2016 = 100","2024M12","1.7"
"Annual Inflation, Urban Village","Index Sep 2016 = 100","2025M1","2.46461451601643"
"Annual Inflation, Urban Village","Index Sep 2016 = 100","2025M2","2.72625837221925"
"Annual Inflation, Urban Village","Index Sep 2016 = 100","2025M3","3.01509021869684"
"Annual Inflation, Urban Village","Index Sep 2016 = 100","2025M4","2.4"
"Annual Inflation, Urban Village","Index Sep 2016 = 100","2025M5","1.91847076109142"
"Annual Inflation, Urban Village","Index Sep 2016 = 100","2025M6","2.0428791907622"
"Annual Inflation, Urban Village","Index Sep 2016 = 100","2025M7","1.04795118863048"
"Annual Inflation, Urban Village","Index Sep 2016 = 100","2025M8","1.64864534256577"
"Annual Inflation, Urban Village","Index Sep 2016 = 100","2025M9","3.9298695617445"
"Annual Inflation, Urban Village","Index Sep 2016 = 100","2025M10","4.01306374460737"
"Annual Inflation, Urban Village","Index Sep 2016 = 100","2025M11","3.86753160920397"
"Annual Inflation, Urban Village","Index Sep 2016 = 100","2025M12","4.11281737698261"
"Annual Inflation, Urban Village","Index Sep 2016 = 100","2026M1","4.32008887243103"
"Annual Inflation, Urban Village","Index Sep 2016 = 100","2026M2","4.1"
"Annual Inflation, Urban Village","Index Sep 2016 = 100","2026M3","4.24959438229591"
"Annual Inflation, Urban Village","Index Sep 2016 = 100","2026M4","10.1"
"Annual Inflation, Urban Village","Index Sep 2016 = 100","2026M5","10.5"
"Annual Inflation, Urban Village","Index Sep 2016 = 100","2026M6","10.4433791249041"
"Food & Non-","Index Sep 2016 = 100","2016M1","97.6"
"Food & Non-","Index Sep 2016 = 100","2016M2","98.2"
"Food & Non-","Index Sep 2016 = 100","2016M3","98.5"
"Food & Non-","Index Sep 2016 = 100","2016M4","99.3"
"Food & Non-","Index Sep 2016 = 100","2016M5","99.4"
"Food & Non-","Index Sep 2016 = 100","2016M6","99.1"
"Food & Non-","Index Sep 2016 = 100","2016M7","99.3"
"Food & Non-","Index Sep 2016 = 100","2016M8","99.7"
"Food & Non-","Index Sep 2016 = 100","2016M9","100"
"Food & Non-","Index Sep 2016 = 100","2016M10","100.4"
"Food & Non-","Index Sep 2016 = 100","2016M11","100.9"
"Food & Non-","Index Sep 2016 = 100","2016M12","101"
"Food & Non-","Index Sep 2016 = 100","2017M1","101.9"
"Food & Non-","Index Sep 2016 = 100","2017M2","102.3"
"Food & Non-","Index Sep 2016 = 100","2017M3","102.8"
"Food & Non-","Index Sep 2016 = 100","2017M4","103.1"
"Food & Non-","Index Sep 2016 = 100","2017M5","103.4"
"Food & Non-","Index Sep 2016 = 100","2017M6","103.3"
"Food & Non-","Index Sep 2016 = 100","2017M7","103.6"
"Food & Non-","Index Sep 2016 = 100","2017M8","103.5"
"Food & Non-","Index Sep 2016 = 100","2017M9","102.8"
"Food & Non-","Index Sep 2016 = 100","2017M10","102.8"
"Food & Non-","Index Sep 2016 = 100","2017M11","102.6"
"Food & Non-","Index Sep 2016 = 100","2017M12","102.1"
"Food & Non-","Index Sep 2016 = 100","2018M1","102.3"
"Food & Non-","Index Sep 2016 = 100","2018M2","102.7"
"Food & Non-","Index Sep 2016 = 100","2018M3","102.8"
"Food & Non-","Index Sep 2016 = 100","2018M4","102.9"
"Food & Non-","Index Sep 2016 = 100","2018M5","102.9"
"Food & Non-","Index Sep 2016 = 100","2018M6","102.6"
"Food & Non-","Index Sep 2016 = 100","2018M7","102.4"
"Food & Non-","Index Sep 2016 = 100","2018M8","102.1"
"Food & Non-","Index Sep 2016 = 100","2018M9","101.8"
"Food & Non-","Index Sep 2016 = 100","2018M10","101.7"
"Food & Non-","Index Sep 2016 = 100","2018M11","101.8"
"Food & Non-","Index Sep 2016 = 100","2018M12","100"
"Food & Non-","Index Sep 2016 = 100","2019M1","100.4"
"Food & Non-","Index Sep 2016 = 100","2019M2","100.6"
"Food & Non-","Index Sep 2016 = 100","2019M3","101"
"Food & Non-","Index Sep 2016 = 100","2019M4","101.4"
"Food & Non-","Index Sep 2016 = 100","2019M5","102"
"Food & Non-","Index Sep 2016 = 100","2019M6","102"
"Food & Non-","Index Sep 2016 = 100","2019M7","102.1"
"Food & Non-","Index Sep 2016 = 100","2019M8","102.1"
"Food & Non-","Index Sep 2016 = 100","2019M9","102.4"
"Food & Non-","Index Sep 2016 = 100","2019M10","102.3"
"Food & Non-","Index Sep 2016 = 100","2019M11","102.5"
"Food & Non-","Index Sep 2016 = 100","2019M12","102.9843"
"Food & Non-","Index Sep 2016 = 100","2020M1","103.7"
"Food & Non-","Index Sep 2016 = 100","2020M2","104.2"
"Food & Non-","Index Sep 2016 = 100","2020M3","104.4"
"Food & Non-","Index Sep 2016 = 100","2020M4","104.6"
"Food & Non-","Index Sep 2016 = 100","2020M5","105.2"
"Food & Non-","Index Sep 2016 = 100","2020M6","105.7"
"Food & Non-","Index Sep 2016 = 100","2020M7","106.1"
"Food & Non-","Index Sep 2016 = 100","2020M8","106.5"
"Food & Non-","Index Sep 2016 = 100","2020M9","106.7"
"Food & Non-","Index Sep 2016 = 100","2020M10","106.7"
"Food & Non-","Index Sep 2016 = 100","2020M11","106.9"
"Food & Non-","Index Sep 2016 = 100","2020M12","106.7"
"Food & Non-","Index Sep 2016 = 100","2021M1","107.2"
"Food & Non-","Index Sep 2016 = 100","2021M2","108"
"Food & Non-","Index Sep 2016 = 100","2021M3","108.6"
"Food & Non-","Index Sep 2016 = 100","2021M4","111.7"
"Food & Non-","Index Sep 2016 = 100","2021M5","112.3"
"Food & Non-","Index Sep 2016 = 100","2021M6","112.9"
"Food & Non-","Index Sep 2016 = 100","2021M7","113"
"Food & Non-","Index Sep 2016 = 100","2021M8","113.2"
"Food & Non-","Index Sep 2016 = 100","2021M9","113.5"
"Food & Non-","Index Sep 2016 = 100","2021M10","114"
"Food & Non-","Index Sep 2016 = 100","2021M11","114.1"
"Food & Non-","Index Sep 2016 = 100","2021M12","114.4"
"Food & Non-","Index Sep 2016 = 100","2022M1","114.8"
"Food & Non-","Index Sep 2016 = 100","2022M2","115.3"
"Food & Non-","Index Sep 2016 = 100","2022M3","116"
"Food & Non-","Index Sep 2016 = 100","2022M4","118.6"
"Food & Non-","Index Sep 2016 = 100","2022M5","121.6"
"Food & Non-","Index Sep 2016 = 100","2022M6","123.8"
"Food & Non-","Index Sep 2016 = 100","2022M7","126.4"
"Food & Non-","Index Sep 2016 = 100","2022M8","128.2"
"Food & Non-","Index Sep 2016 = 100","2022M9","130.3"
"Food & Non-","Index Sep 2016 = 100","2022M10","132"
"Food & Non-","Index Sep 2016 = 100","2022M11","132.7"
"Food & Non-","Index Sep 2016 = 100","2022M12","133.7769"
"Food & Non-","Index Sep 2016 = 100","2023M1","134.5"
"Food & Non-","Index Sep 2016 = 100","2023M2","135.3"
"Food & Non-","Index Sep 2016 = 100","2023M3","136.6"
"Food & Non-","Index Sep 2016 = 100","2023M4","138.2402"
"Food & Non-","Index Sep 2016 = 100","2023M5","139"
"Food & Non-","Index Sep 2016 = 100","2023M6","139.7"
"Food & Non-","Index Sep 2016 = 100","2023M7","139.9433"
"Food & Non-","Index Sep 2016 = 100","2023M8","139.8"
"Food & Non-","Index Sep 2016 = 100","2023M9","140.3"
"Food & Non-","Index Sep 2016 = 100","2023M10","140.6"
"Food & Non-","Index Sep 2016 = 100","2023M11","141.6"
"Food & Non-","Index Sep 2016 = 100","2023M12","141.9"
"Food & Non-","Index Sep 2016 = 100","2024M1","142.5"
"Food & Non-","Index Sep 2016 = 100","2024M2","143.1"
"Food & Non-","Index Sep 2016 = 100","2024M3","143.5"
"Food & Non-","Index Sep 2016 = 100","2024M4","144"
"Food & Non-","Index Sep 2016 = 100","2024M5","144.5"
"Food & Non-","Index Sep 2016 = 100","2024M6","145.3"
"Food & Non-","Index Sep 2016 = 100","2024M7","146.1"
"Food & Non-","Index Sep 2016 = 100","2024M8","146.9"
"Food & Non-","Index Sep 2016 = 100","2024M9","147.3"
"Food & Non-","Index Sep 2016 = 100","2024M10","148"
"Food & Non-","Index Sep 2016 = 100","2024M11","148.3937"
"Food & Non-","Index Sep 2016 = 100","2024M12","148.5644"
"Food & Non-","Index Sep 2016 = 100","2025M1","149.7621"
"Food & Non-","Index Sep 2016 = 100","2025M2","150.9556"
"Food & Non-","Index Sep 2016 = 100","2025M3","151.7947"
"Food & Non-","Index Sep 2016 = 100","2025M4","152.6"
"Food & Non-","Index Sep 2016 = 100","2025M5","152.847"
"Food & Non-","Index Sep 2016 = 100","2025M6","153.1894"
"Food & Non-","Index Sep 2016 = 100","2025M7","152.3473"
"Food & Non-","Index Sep 2016 = 100","2025M8","154.1681"
"Food & Non-","Index Sep 2016 = 100","2025M9","155.2844"
"Food & Non-","Index Sep 2016 = 100","2025M10","156.1"
"Food & Non-","Index Sep 2016 = 100","2025M11","156.5577"
"Food & Non-","Index Sep 2016 = 100","2025M12","156.6"
"Food & Non-","Index Sep 2016 = 100","2026M1","158.9556"
"Food & Non-","Index Sep 2016 = 100","2026M2","159.2"
"Food & Non-","Index Sep 2016 = 100","2026M3","160.6"
"Food & Non-","Index Sep 2016 = 100","2026M4","161.4"
"Food & Non-","Index Sep 2016 = 100","2026M5","161.6"
"Food & Non-","Index Sep 2016 = 100","2026M6","161.9"
"Alcohol","Index Sep 2016 = 100","2016M1","98.6"
"Alcohol","Index Sep 2016 = 100","2016M2","98.7"
"Alcohol","Index Sep 2016 = 100","2016M3","98.8"
"Alcohol","Index Sep 2016 = 100","2016M4","99.3"
"Alcohol","Index Sep 2016 = 100","2016M5","99.4"
"Alcohol","Index Sep 2016 = 100","2016M6","99.6"
"Alcohol","Index Sep 2016 = 100","2016M7","99.9"
"Alcohol","Index Sep 2016 = 100","2016M8","100"
"Alcohol","Index Sep 2016 = 100","2016M9","100"
"Alcohol","Index Sep 2016 = 100","2016M10","100.7"
"Alcohol","Index Sep 2016 = 100","2016M11","101.2"
"Alcohol","Index Sep 2016 = 100","2016M12","101.3"
"Alcohol","Index Sep 2016 = 100","2017M1","102.3"
"Alcohol","Index Sep 2016 = 100","2017M2","103"
"Alcohol","Index Sep 2016 = 100","2017M3","103.6"
"Alcohol","Index Sep 2016 = 100","2017M4","104.1"
"Alcohol","Index Sep 2016 = 100","2017M5","104.7"
"Alcohol","Index Sep 2016 = 100","2017M6","104.7"
"Alcohol","Index Sep 2016 = 100","2017M7","104.8"
"Alcohol","Index Sep 2016 = 100","2017M8","104.9"
"Alcohol","Index Sep 2016 = 100","2017M9","105"
"Alcohol","Index Sep 2016 = 100","2017M10","104.8"
"Alcohol","Index Sep 2016 = 100","2017M11","104.6"
"Alcohol","Index Sep 2016 = 100","2017M12","104.7"
"Alcohol","Index Sep 2016 = 100","2018M1","104.8"
"Alcohol","Index Sep 2016 = 100","2018M2","104.9"
"Alcohol","Index Sep 2016 = 100","2018M3","105"
"Alcohol","Index Sep 2016 = 100","2018M4","104.9"
"Alcohol","Index Sep 2016 = 100","2018M5","105.2"
"Alcohol","Index Sep 2016 = 100","2018M6","105.4"
"Alcohol","Index Sep 2016 = 100","2018M7","105.6"
"Alcohol","Index Sep 2016 = 100","2018M8","105.8"
"Alcohol","Index Sep 2016 = 100","2018M9","105.9"
"Alcohol","Index Sep 2016 = 100","2018M10","105.9"
"Alcohol","Index Sep 2016 = 100","2018M11","105.9"
"Alcohol","Index Sep 2016 = 100","2018M12","100"
"Alcohol","Index Sep 2016 = 100","2019M1","99.8"
"Alcohol","Index Sep 2016 = 100","2019M2","99.6"
"Alcohol","Index Sep 2016 = 100","2019M3","99.9"
"Alcohol","Index Sep 2016 = 100","2019M4","101.2"
"Alcohol","Index Sep 2016 = 100","2019M5","102.4"
"Alcohol","Index Sep 2016 = 100","2019M6","103.2"
"Alcohol","Index Sep 2016 = 100","2019M7","103.5"
"Alcohol","Index Sep 2016 = 100","2019M8","103.6"
"Alcohol","Index Sep 2016 = 100","2019M9","103.8"
"Alcohol","Index Sep 2016 = 100","2019M10","104.1"
"Alcohol","Index Sep 2016 = 100","2019M11","104.2"
"Alcohol","Index Sep 2016 = 100","2019M12","104.4341"
"Alcohol","Index Sep 2016 = 100","2020M1","104.5"
"Alcohol","Index Sep 2016 = 100","2020M2","104.6"
"Alcohol","Index Sep 2016 = 100","2020M3","104.7"
"Alcohol","Index Sep 2016 = 100","2020M4","104.8"
"Alcohol","Index Sep 2016 = 100","2020M5","104.8"
"Alcohol","Index Sep 2016 = 100","2020M6","108.7"
"Alcohol","Index Sep 2016 = 100","2020M7","110.3"
"Alcohol","Index Sep 2016 = 100","2020M8","110.4"
"Alcohol","Index Sep 2016 = 100","2020M9","110.2"
"Alcohol","Index Sep 2016 = 100","2020M10","111"
"Alcohol","Index Sep 2016 = 100","2020M11","111"
"Alcohol","Index Sep 2016 = 100","2020M12","111.3"
"Alcohol","Index Sep 2016 = 100","2021M1","111.3"
"Alcohol","Index Sep 2016 = 100","2021M2","111.5"
"Alcohol","Index Sep 2016 = 100","2021M3","112"
"Alcohol","Index Sep 2016 = 100","2021M4","117.1"
"Alcohol","Index Sep 2016 = 100","2021M5","118.4"
"Alcohol","Index Sep 2016 = 100","2021M6","118.8"
"Alcohol","Index Sep 2016 = 100","2021M7","119.3"
"Alcohol","Index Sep 2016 = 100","2021M8","119.5"
"Alcohol","Index Sep 2016 = 100","2021M9","120.1"
"Alcohol","Index Sep 2016 = 100","2021M10","120.8"
"Alcohol","Index Sep 2016 = 100","2021M11","121.3"
"Alcohol","Index Sep 2016 = 100","2021M12","121.7"
"Alcohol","Index Sep 2016 = 100","2022M1","122.1"
"Alcohol","Index Sep 2016 = 100","2022M2","122.2"
"Alcohol","Index Sep 2016 = 100","2022M3","122.5"
"Alcohol","Index Sep 2016 = 100","2022M4","123.2"
"Alcohol","Index Sep 2016 = 100","2022M5","124"
"Alcohol","Index Sep 2016 = 100","2022M6","124.3"
"Alcohol","Index Sep 2016 = 100","2022M7","124.4"
"Alcohol","Index Sep 2016 = 100","2022M8","124.4"
"Alcohol","Index Sep 2016 = 100","2022M9","124.3"
"Alcohol","Index Sep 2016 = 100","2022M10","124.6"
"Alcohol","Index Sep 2016 = 100","2022M11","125"
"Alcohol","Index Sep 2016 = 100","2022M12","124.8322"
"Alcohol","Index Sep 2016 = 100","2023M1","125.1"
"Alcohol","Index Sep 2016 = 100","2023M2","125.6"
"Alcohol","Index Sep 2016 = 100","2023M3","126.5"
"Alcohol","Index Sep 2016 = 100","2023M4","128.6961"
"Alcohol","Index Sep 2016 = 100","2023M5","129.8"
"Alcohol","Index Sep 2016 = 100","2023M6","130.2"
"Alcohol","Index Sep 2016 = 100","2023M7","130.7305"
"Alcohol","Index Sep 2016 = 100","2023M8","131.1"
"Alcohol","Index Sep 2016 = 100","2023M9","131.1"
"Alcohol","Index Sep 2016 = 100","2023M10","131.7"
"Alcohol","Index Sep 2016 = 100","2023M11","132.2"
"Alcohol","Index Sep 2016 = 100","2023M12","132.3"
"Alcohol","Index Sep 2016 = 100","2024M1","132.8"
"Alcohol","Index Sep 2016 = 100","2024M2","133"
"Alcohol","Index Sep 2016 = 100","2024M3","133.2"
"Alcohol","Index Sep 2016 = 100","2024M4","134.8"
"Alcohol","Index Sep 2016 = 100","2024M5","136.4"
"Alcohol","Index Sep 2016 = 100","2024M6","136.5"
"Alcohol","Index Sep 2016 = 100","2024M7","137.3"
"Alcohol","Index Sep 2016 = 100","2024M8","138"
"Alcohol","Index Sep 2016 = 100","2024M9","138.8"
"Alcohol","Index Sep 2016 = 100","2024M10","139.3"
"Alcohol","Index Sep 2016 = 100","2024M11","140.0151"
"Alcohol","Index Sep 2016 = 100","2024M12","141.0791"
"Alcohol","Index Sep 2016 = 100","2025M1","142.2892"
"Alcohol","Index Sep 2016 = 100","2025M2","142.8483"
"Alcohol","Index Sep 2016 = 100","2025M3","143.41"
"Alcohol","Index Sep 2016 = 100","2025M4","144.7"
"Alcohol","Index Sep 2016 = 100","2025M5","145.095"
"Alcohol","Index Sep 2016 = 100","2025M6","145.4972"
"Alcohol","Index Sep 2016 = 100","2025M7","146.1064"
"Alcohol","Index Sep 2016 = 100","2025M8","147.0209"
"Alcohol","Index Sep 2016 = 100","2025M9","149.9359"
"Alcohol","Index Sep 2016 = 100","2025M10","152.9"
"Alcohol","Index Sep 2016 = 100","2025M11","154.0739"
"Alcohol","Index Sep 2016 = 100","2025M12","154.8"
"Alcohol","Index Sep 2016 = 100","2026M1","156.1565"
"Alcohol","Index Sep 2016 = 100","2026M2","156.2"
"Alcohol","Index Sep 2016 = 100","2026M3","157.6"
"Alcohol","Index Sep 2016 = 100","2026M4","159.7"
"Alcohol","Index Sep 2016 = 100","2026M5","160.3"
"Alcohol","Index Sep 2016 = 100","2026M6","161"
"Imported Tradeables Index","Index Sep 2016 = 100","2016M1","99.0971199588638"
"Imported Tradeables Index","Index Sep 2016 = 100","2016M2","98.7510131424247"
"Imported Tradeables Index","Index Sep 2016 = 100","2016M3","99.0021212275673"
"Imported Tradeables Index","Index Sep 2016 = 100","2016M4","99.3936549137478"
"Imported Tradeables Index","Index Sep 2016 = 100","2016M5","99.4288313307608"
"Imported Tradeables Index","Index Sep 2016 = 100","2016M6","99.6093065148629"
"Imported Tradeables Index","Index Sep 2016 = 100","2016M7","99.7239099371698"
"Imported Tradeables Index","Index Sep 2016 = 100","2016M8","99.8548132597168"
"Imported Tradeables Index","Index Sep 2016 = 100","2016M9","100"
"Imported Tradeables Index","Index Sep 2016 = 100","2016M10","100.1935"
"Imported Tradeables Index","Index Sep 2016 = 100","2016M11","100.5196"
"Imported Tradeables Index","Index Sep 2016 = 100","2016M12","100.59"
"Imported Tradeables Index","Index Sep 2016 = 100","2017M1","100.8"
"Imported Tradeables Index","Index Sep 2016 = 100","2017M2","101.1"
"Imported Tradeables Index","Index Sep 2016 = 100","2017M3","101.8"
"Imported Tradeables Index","Index Sep 2016 = 100","2017M4","93.7732215635761"
"Imported Tradeables Index","Index Sep 2016 = 100","2017M5","93.9849948733403"
"Imported Tradeables Index","Index Sep 2016 = 100","2017M6","102.5"
"Imported Tradeables Index","Index Sep 2016 = 100","2017M7","102.7"
"Imported Tradeables Index","Index Sep 2016 = 100","2017M8","103"
"Imported Tradeables Index","Index Sep 2016 = 100","2017M9","103.1"
"Imported Tradeables Index","Index Sep 2016 = 100","2017M10","103.2"
"Imported Tradeables Index","Index Sep 2016 = 100","2017M11","103.6397"
"Imported Tradeables Index","Index Sep 2016 = 100","2017M12","104.2799"
"Imported Tradeables Index","Index Sep 2016 = 100","2018M1","104.5843"
"Imported Tradeables Index","Index Sep 2016 = 100","2018M2","104.9699"
"Imported Tradeables Index","Index Sep 2016 = 100","2018M3","105.0318"
"Imported Tradeables Index","Index Sep 2016 = 100","2018M4","105.2372"
"Imported Tradeables Index","Index Sep 2016 = 100","2018M5","105.3362"
"Imported Tradeables Index","Index Sep 2016 = 100","2018M6","106.1665"
"Imported Tradeables Index","Index Sep 2016 = 100","2018M7","106.2454"
"Imported Tradeables Index","Index Sep 2016 = 100","2018M8","106.2444"
"Imported Tradeables Index","Index Sep 2016 = 100","2018M9","106.0867"
"Imported Tradeables Index","Index Sep 2016 = 100","2018M10","107.8237"
"Imported Tradeables Index","Index Sep 2016 = 100","2018M11","99.8816641982749"
"Imported Tradeables Index","Index Sep 2016 = 100","2018M12","100"
"Imported Tradeables Index","Index Sep 2016 = 100","2019M1","100.305"
"Imported Tradeables Index","Index Sep 2016 = 100","2019M2","100.5116"
"Imported Tradeables Index","Index Sep 2016 = 100","2019M3","100.5562"
"Imported Tradeables Index","Index Sep 2016 = 100","2019M4","100.811"
"Imported Tradeables Index","Index Sep 2016 = 100","2019M5","101.0058"
"Imported Tradeables Index","Index Sep 2016 = 100","2019M6","101.0453"
"Imported Tradeables Index","Index Sep 2016 = 100","2019M7","101.2082"
"Imported Tradeables Index","Index Sep 2016 = 100","2019M8","101.2727"
"Imported Tradeables Index","Index Sep 2016 = 100","2019M9","101.2303"
"Imported Tradeables Index","Index Sep 2016 = 100","2019M10","101.3068"
"Imported Tradeables Index","Index Sep 2016 = 100","2019M11","101.5122"
"Imported Tradeables Index","Index Sep 2016 = 100","2019M12","101.5718"
"Imported Tradeables Index","Index Sep 2016 = 100","2020M1","101.7763"
"Imported Tradeables Index","Index Sep 2016 = 100","2020M2","101.9532"
"Imported Tradeables Index","Index Sep 2016 = 100","2020M3","101.9734"
"Imported Tradeables Index","Index Sep 2016 = 100","2020M4","102.0597"
"Imported Tradeables Index","Index Sep 2016 = 100","2020M5","101.8262"
"Imported Tradeables Index","Index Sep 2016 = 100","2020M6","98.3076"
"Imported Tradeables Index","Index Sep 2016 = 100","2020M7","98.4803"
"Imported Tradeables Index","Index Sep 2016 = 100","2020M8","98.712"
"Imported Tradeables Index","Index Sep 2016 = 100","2020M9","99.0823"
"Imported Tradeables Index","Index Sep 2016 = 100","2020M10","99.9865"
"Imported Tradeables Index","Index Sep 2016 = 100","2020M11","100.232"
"Imported Tradeables Index","Index Sep 2016 = 100","2020M12","100.2571"
"Imported Tradeables Index","Index Sep 2016 = 100","2021M1","101.0373"
"Imported Tradeables Index","Index Sep 2016 = 100","2021M2","101.4567"
"Imported Tradeables Index","Index Sep 2016 = 100","2021M3","103.2862"
"Imported Tradeables Index","Index Sep 2016 = 100","2021M4","107.8694"
"Imported Tradeables Index","Index Sep 2016 = 100","2021M5","108.9227"
"Imported Tradeables Index","Index Sep 2016 = 100","2021M6","109.6868"
"Imported Tradeables Index","Index Sep 2016 = 100","2021M7","111.8747"
"Imported Tradeables Index","Index Sep 2016 = 100","2021M8","111.95"
"Imported Tradeables Index","Index Sep 2016 = 100","2021M9","112.5389"
"Imported Tradeables Index","Index Sep 2016 = 100","2021M10","114.6353"
"Imported Tradeables Index","Index Sep 2016 = 100","2021M11","114.5705"
"Imported Tradeables Index","Index Sep 2016 = 100","2021M12","114.5329"
"Imported Tradeables Index","Index Sep 2016 = 100","2022M1","119.1007"
"Imported Tradeables Index","Index Sep 2016 = 100","2022M2","119.7183"
"Imported Tradeables Index","Index Sep 2016 = 100","2022M3","120.1305"
"Imported Tradeables Index","Index Sep 2016 = 100","2022M4","124.572"
"Imported Tradeables Index","Index Sep 2016 = 100","2022M5","131.0379"
"Imported Tradeables Index","Index Sep 2016 = 100","2022M6","131.9441"
"Imported Tradeables Index","Index Sep 2016 = 100","2022M7","137.5765"
"Imported Tradeables Index","Index Sep 2016 = 100","2022M8","138.162"
"Imported Tradeables Index","Index Sep 2016 = 100","2022M9","136.8261"
"Imported Tradeables Index","Index Sep 2016 = 100","2022M10","137.2443"
"Imported Tradeables Index","Index Sep 2016 = 100","2022M11","134.4992"
"Imported Tradeables Index","Index Sep 2016 = 100","2022M12","135"
"Imported Tradeables Index","Index Sep 2016 = 100","2023M1","132.4"
"Imported Tradeables Index","Index Sep 2016 = 100","2023M2","132.3673"
"Imported Tradeables Index","Index Sep 2016 = 100","2023M3","135.0408"
"Imported Tradeables Index","Index Sep 2016 = 100","2023M4","136.1722"
"Imported Tradeables Index","Index Sep 2016 = 100","2023M5","136.8958"
"Imported Tradeables Index","Index Sep 2016 = 100","2023M6","137.2055"
"Imported Tradeables Index","Index Sep 2016 = 100","2023M7","134.9353"
"Imported Tradeables Index","Index Sep 2016 = 100","2023M8","135"
"Imported Tradeables Index","Index Sep 2016 = 100","2023M9","140.0321"
"Imported Tradeables Index","Index Sep 2016 = 100","2023M10","140.1"
"Imported Tradeables Index","Index Sep 2016 = 100","2023M11","139.7795"
"Imported Tradeables Index","Index Sep 2016 = 100","2023M12","139.8839"
"Imported Tradeables Index","Index Sep 2016 = 100","2024M1","138.5661"
"Imported Tradeables Index","Index Sep 2016 = 100","2024M2","138.5583"
"Imported Tradeables Index","Index Sep 2016 = 100","2024M3","138.485"
"Imported Tradeables Index","Index Sep 2016 = 100","2024M4","140.599"
"Imported Tradeables Index","Index Sep 2016 = 100","2024M5","141.2609"
"Imported Tradeables Index","Index Sep 2016 = 100","2024M6","141.1904"
"Imported Tradeables Index","Index Sep 2016 = 100","2024M7","141.5396"
"Imported Tradeables Index","Index Sep 2016 = 100","2024M8","142.0344"
"Imported Tradeables Index","Index Sep 2016 = 100","2024M9","139.6932"
"Imported Tradeables Index","Index Sep 2016 = 100","2024M10","139.952"
"Imported Tradeables Index","Index Sep 2016 = 100","2024M11","140.2969"
"Imported Tradeables Index","Index Sep 2016 = 100","2024M12","140.0645"
"Imported Tradeables Index","Index Sep 2016 = 100","2025M1","140.7682"
"Imported Tradeables Index","Index Sep 2016 = 100","2025M2","141.2555"
"Imported Tradeables Index","Index Sep 2016 = 100","2025M3","141.7515"
"Imported Tradeables Index","Index Sep 2016 = 100","2025M4","142.3321"
"Imported Tradeables Index","Index Sep 2016 = 100","2025M5","142.4555"
"Imported Tradeables Index","Index Sep 2016 = 100","2025M6","142.8038"
"Imported Tradeables Index","Index Sep 2016 = 100","2025M7","142.5584"
"Imported Tradeables Index","Index Sep 2016 = 100","2025M8","143.614"
"Imported Tradeables Index","Index Sep 2016 = 100","2025M9","147.8841"
"Imported Tradeables Index","Index Sep 2016 = 100","2025M10","148.3917"
"Imported Tradeables Index","Index Sep 2016 = 100","2025M11","148.2204"
"Imported Tradeables Index","Index Sep 2016 = 100","2025M12","148.6408"
"Imported Tradeables Index","Index Sep 2016 = 100","2026M1","149.6626"
"Imported Tradeables Index","Index Sep 2016 = 100","2026M2","150.3"
"Imported Tradeables Index","Index Sep 2016 = 100","2026M3","151.062"
"Imported Tradeables Index","Index Sep 2016 = 100","2026M4","167.659"
"Imported Tradeables Index","Index Sep 2016 = 100","2026M5","168.235"
"Imported Tradeables Index","Index Sep 2016 = 100","2026M6","168.3244"
"Inflation (%)","%","2016M1","-0.295646900892332"
"Inflation (%)","%","2016M2","0.74009863791451"
"Inflation (%)","%","2016M3","0.800083036631327"
"Inflation (%)","%","2016M4","0.906156118160251"
"Inflation (%)","%","2016M5","0.805551690749917"
"Inflation (%)","%","2016M6","0.89078077919631"
"Inflation (%)","%","2016M7","0.722624371670966"
"Inflation (%)","%","2016M8","0.555150370617308"
"Inflation (%)","%","2016M9","0.856321770899182"
"Inflation (%)","%","2016M10","0.855593859436943"
"Inflation (%)","%","2016M11","1.19292070702286"
"Inflation (%)","%","2016M12","1.7"
"Inflation (%)","%","2017M1","1.7"
"Inflation (%)","%","2017M2","2.4"
"Inflation (%)","%","2017M3","2.9"
"Inflation (%)","%","2017M4","2.68804390840716"
"Inflation (%)","%","2017M5","2.88353853793331"
"Inflation (%)","%","2017M6","2.9"
"Inflation (%)","%","2017M7","3"
"Inflation (%)","%","2017M8","3.1"
"Inflation (%)","%","2017M9","3.1"
"Inflation (%)","%","2017M10","3"
"Inflation (%)","%","2017M11","3.1039717627209"
"Inflation (%)","%","2017M12","3.66825728203599"
"Inflation (%)","%","2018M1","3.76404522251601"
"Inflation (%)","%","2018M2","3.84022222244205"
"Inflation (%)","%","2018M3","3.13696763068898"
"Inflation (%)","%","2018M4","3.10761531331871"
"Inflation (%)","%","2018M5","2.9720643740365"
"Inflation (%)","%","2018M6","3.56939387908799"
"Inflation (%)","%","2018M7","3.4081895045633"
"Inflation (%)","%","2018M8","3.17173926131937"
"Inflation (%)","%","2018M9","2.87354761382963"
"Inflation (%)","%","2018M10","4.52763023577529"
"Inflation (%)","%","2018M11","4.89609676600762"
"Inflation (%)","%","2018M12","4.37562751786298"
"Inflation (%)","%","2019M1","4.38925397024219"
"Inflation (%)","%","2019M2","4.22000951206012"
"Inflation (%)","%","2019M3","4.20480621449884"
"Inflation (%)","%","2019M4","4.26495108953868"
"Inflation (%)","%","2019M5","4.36824271466028"
"Inflation (%)","%","2019M6","3.59250214370823"
"Inflation (%)","%","2019M7","3.68245468472046"
"Inflation (%)","%","2019M8","3.74950803581176"
"Inflation (%)","%","2019M9","3.86023221421725"
"Inflation (%)","%","2019M10","2.2643052597898"
"Inflation (%)","%","2019M11","1.6324675953419"
"Inflation (%)","%","2019M12","1.57179999999999"
"Inflation (%)","%","2020M1","1.46682618015055"
"Inflation (%)","%","2020M2","1.43426231400157"
"Inflation (%)","%","2020M3","1.40936113337615"
"Inflation (%)","%","2020M4","1.23865451190843"
"Inflation (%)","%","2020M5","0.812230584778306"
"Inflation (%)","%","2020M6","-2.7093788627477"
"Inflation (%)","%","2020M7","-2.69533496297731"
"Inflation (%)","%","2020M8","-2.52851953191728"
"Inflation (%)","%","2020M9","-2.12189433400869"
"Inflation (%)","%","2020M10","-1.30326888224679"
"Inflation (%)","%","2020M11","-1.26112920417448"
"Inflation (%)","%","2020M12","-1.29435532303258"
"Inflation (%)","%","2021M1","-0.726102245807725"
"Inflation (%)","%","2021M2","-0.486988147502965"
"Inflation (%)","%","2021M3","1.28739455583515"
"Inflation (%)","%","2021M4","5.69245255473021"
"Inflation (%)","%","2021M5","6.96922795901251"
"Inflation (%)","%","2021M6","11.5750969406231"
"Inflation (%)","%","2021M7","13.6010958536885"
"Inflation (%)","%","2021M8","13.4107302050409"
"Inflation (%)","%","2021M9","13.5812349935357"
"Inflation (%)","%","2021M10","14.6507778550104"
"Inflation (%)","%","2021M11","14.3053116769096"
"Inflation (%)","%","2021M12","14.2391910398366"
"Inflation (%)","%","2022M1","17.8779520038639"
"Inflation (%)","%","2022M2","17.9994027008566"
"Inflation (%)","%","2022M3","16.3083742068156"
"Inflation (%)","%","2022M4","15.4840946552034"
"Inflation (%)","%","2022M5","20.3035730843984"
"Inflation (%)","%","2022M6","20.291685052349"
"Inflation (%)","%","2022M7","22.9737375832069"
"Inflation (%)","%","2022M8","23.4140241179098"
"Inflation (%)","%","2022M9","21.5811599366974"
"Inflation (%)","%","2022M10","19.7225461965032"
"Inflation (%)","%","2022M11","17.3942681580337"
"Inflation (%)","%","2022M12","18"
"Inflation (%)","%","2023M1","11.1"
"Inflation (%)","%","2023M2","10.5656361642289"
"Inflation (%)","%","2023M3","12.4117522194613"
"Inflation (%)","%","2023M4","9.31204444016311"
"Inflation (%)","%","2023M5","4.47038604861647"
"Inflation (%)","%","2023M6","3.98759777814999"
"Inflation (%)","%","2023M7","-1.91980461779446"
"Inflation (%)","%","2023M8","-2.3"
"Inflation (%)","%","2023M9","2.34312020879059"
"Inflation (%)","%","2023M10","2.1"
"Inflation (%)","%","2023M11","3.92589695700793"
"Inflation (%)","%","2023M12","3.49603836083063"
"Inflation (%)","%","2024M1","4.68374149330948"
"Inflation (%)","%","2024M2","4.6771370270452"
"Inflation (%)","%","2024M3","2.55048844497368"
"Inflation (%)","%","2024M4","3.25088380741443"
"Inflation (%)","%","2024M5","3.18862960003155"
"Inflation (%)","%","2024M6","2.90432963693148"
"Inflation (%)","%","2024M7","4.89441977006757"
"Inflation (%)","%","2024M8","5.19243331155932"
"Inflation (%)","%","2024M9","-0.242015937774287"
"Inflation (%)","%","2024M10","-0.13935338033626"
"Inflation (%)","%","2024M11","0.370154421785718"
"Inflation (%)","%","2024M12","0.129107066645973"
"Inflation (%)","%","2025M1","1.58920544058034"
"Inflation (%)","%","2025M2","1.9466174166398"
"Inflation (%)","%","2025M3","2.35873921363323"
"Inflation (%)","%","2025M4","1.23265457080066"
"Inflation (%)","%","2025M5","0.845669254549564"
"Inflation (%)","%","2025M6","1.14271225239109"
"Inflation (%)","%","2025M7","0.719798558142037"
"Inflation (%)","%","2025M8","1.11212495001212"
"Inflation (%)","%","2025M9","5.86349228165723"
"Inflation (%)","%","2025M10","6.03042471704585"
"Inflation (%)","%","2025M11","5.64766577165998"
"Inflation (%)","%","2025M12","6.1231075682989"
"Inflation (%)","%","2026M1","6.31847249591881"
"Inflation (%)","%","2026M2","6.4"
"Inflation (%)","%","2026M3","6.56818446365648"
"Inflation (%)","%","2026M4","17.7942291303227"
"Inflation (%)","%","2026M5","18.0965283895673"
"Inflation (%)","%","2026M6","17.8710930661509"
"Core Monthly Inflation (Excluding Administered Prices) (percentage)","%","2016M1","4.01841623961821"
"Core Monthly Inflation (Excluding Administered Prices) (percentage)","%","2016M2","3.69196329252401"
"Core Monthly Inflation (Excluding Administered Prices) (percentage)","%","2016M3","3.66604632530785"
"Core Monthly Inflation (Excluding Administered Prices) (percentage)","%","2016M4","3.86738965763649"
"Core Monthly Inflation (Excluding Administered Prices) (percentage)","%","2016M5","3.83435765122611"
"Core Monthly Inflation (Excluding Administered Prices) (percentage)","%","2016M6","3.63684379300879"
"Core Monthly Inflation (Excluding Administered Prices) (percentage)","%","2016M7","3.64851072431529"
"Core Monthly Inflation (Excluding Administered Prices) (percentage)","%","2016M8","3.62070380476915"
"Core Monthly Inflation (Excluding Administered Prices) (percentage)","%","2016M9","3.5544491157502"
"Core Monthly Inflation (Excluding Administered Prices) (percentage)","%","2016M10","3.41868330925581"
"Core Monthly Inflation (Excluding Administered Prices) (percentage)","%","2016M11","3.72535332078039"
"Core Monthly Inflation (Excluding Administered Prices) (percentage)","%","2016M12","3.7"
"Core Monthly Inflation (Excluding Administered Prices) (percentage)","%","2017M1","3.9"
"Core Monthly Inflation (Excluding Administered Prices) (percentage)","%","2017M2","3.9"
"Core Monthly Inflation (Excluding Administered Prices) (percentage)","%","2017M3","3.9"
"Core Monthly Inflation (Excluding Administered Prices) (percentage)","%","2017M4","3.3"
"Core Monthly Inflation (Excluding Administered Prices) (percentage)","%","2017M5","3.4"
"Core Monthly Inflation (Excluding Administered Prices) (percentage)","%","2017M6","3.3"
"Core Monthly Inflation (Excluding Administered Prices) (percentage)","%","2017M7","3.3"
"Core Monthly Inflation (Excluding Administered Prices) (percentage)","%","2017M8","3.3"
"Core Monthly Inflation (Excluding Administered Prices) (percentage)","%","2017M9","3"
"Core Monthly Inflation (Excluding Administered Prices) (percentage)","%","2017M10","2.8"
"Core Monthly Inflation (Excluding Administered Prices) (percentage)","%","2017M11","2.4"
"Core Monthly Inflation (Excluding Administered Prices) (percentage)","%","2017M12","2.3"
"Core Monthly Inflation (Excluding Administered Prices) (percentage)","%","2018M1","2.2"
"Core Monthly Inflation (Excluding Administered Prices) (percentage)","%","2018M2","2.2"
"Core Monthly Inflation (Excluding Administered Prices) (percentage)","%","2018M3","2"
"Core Monthly Inflation (Excluding Administered Prices) (percentage)","%","2018M4","1.9"
"Core Monthly Inflation (Excluding Administered Prices) (percentage)","%","2018M5","1.8"
"Core Monthly Inflation (Excluding Administered Prices) (percentage)","%","2018M6","1.8"
"Core Monthly Inflation (Excluding Administered Prices) (percentage)","%","2018M7","1.7"
"Core Monthly Inflation (Excluding Administered Prices) (percentage)","%","2018M8","1.6"
"Core Monthly Inflation (Excluding Administered Prices) (percentage)","%","2018M9","1.6"
"Core Monthly Inflation (Excluding Administered Prices) (percentage)","%","2018M10","1.6"
"Core Monthly Inflation (Excluding Administered Prices) (percentage)","%","2018M11","1.7"
"Core Monthly Inflation (Excluding Administered Prices) (percentage)","%","2020M1","2.7"
"Core Monthly Inflation (Excluding Administered Prices) (percentage)","%","2020M2","2.7"
"Core Monthly Inflation (Excluding Administered Prices) (percentage)","%","2020M3","2.7"
"Core Monthly Inflation (Excluding Administered Prices) (percentage)","%","2020M4","2.6"
"Core Monthly Inflation (Excluding Administered Prices) (percentage)","%","2020M5","2.6"
"Core Monthly Inflation (Excluding Administered Prices) (percentage)","%","2020M6","2.8"
"Core Monthly Inflation (Excluding Administered Prices) (percentage)","%","2020M7","2.8"
"Core Monthly Inflation (Excluding Administered Prices) (percentage)","%","2020M8","2.9"
"Core Monthly Inflation (Excluding Administered Prices) (percentage)","%","2020M9","3.1"
"Core Monthly Inflation (Excluding Administered Prices) (percentage)","%","2020M10","3.4"
"Core Monthly Inflation (Excluding Administered Prices) (percentage)","%","2020M11","3.4"
"Core Monthly Inflation (Excluding Administered Prices) (percentage)","%","2020M12","3.3"
"Core Monthly Inflation (Excluding Administered Prices) (percentage)","%","2021M1","3.4"
"Core Monthly Inflation (Excluding Administered Prices) (percentage)","%","2021M2","3.6"
"Core Monthly Inflation (Excluding Administered Prices) (percentage)","%","2021M3","3.9"
"Core Monthly Inflation (Excluding Administered Prices) (percentage)","%","2021M4","6.1"
"Core Monthly Inflation (Excluding Administered Prices) (percentage)","%","2021M5","6.7"
"Core Monthly Inflation (Excluding Administered Prices) (percentage)","%","2021M6","6.8"
"Core Monthly Inflation (Excluding Administered Prices) (percentage)","%","2021M7","7"
"Core Monthly Inflation (Excluding Administered Prices) (percentage)","%","2021M8","6.8"
"Core Monthly Inflation (Excluding Administered Prices) (percentage)","%","2021M9","7.1"
"Core Monthly Inflation (Excluding Administered Prices) (percentage)","%","2021M10","7.2"
"Core Monthly Inflation (Excluding Administered Prices) (percentage)","%","2021M11","7"
"Core Monthly Inflation (Excluding Administered Prices) (percentage)","%","2021M12","7.1"
"Core Monthly Inflation (Excluding Administered Prices) (percentage)","%","2022M1","6.7"
"Core Monthly Inflation (Excluding Administered Prices) (percentage)","%","2022M2","6.8"
"Core Monthly Inflation (Excluding Administered Prices) (percentage)","%","2022M3","6.8"
"Core Monthly Inflation (Excluding Administered Prices) (percentage)","%","2022M4","5.9"
"Core Monthly Inflation (Excluding Administered Prices) (percentage)","%","2022M5","6.4"
"Core Monthly Inflation (Excluding Administered Prices) (percentage)","%","2022M6","6.6"
"Core Monthly Inflation (Excluding Administered Prices) (percentage)","%","2022M7","7.6"
"Core Monthly Inflation (Excluding Administered Prices) (percentage)","%","2022M8","8"
"Core Monthly Inflation (Excluding Administered Prices) (percentage)","%","2022M9","8"
"Core Monthly Inflation (Excluding Administered Prices) (percentage)","%","2022M10","8"
"Core Monthly Inflation (Excluding Administered Prices) (percentage)","%","2022M11","8.3"
"Core Monthly Inflation (Excluding Administered Prices) (percentage)","%","2022M12","8.7"
"Core Monthly Inflation (Excluding Administered Prices) (percentage)","%","2023M1","9.1"
"Core Monthly Inflation (Excluding Administered Prices) (percentage)","%","2023M2","8.7"
"Core Monthly Inflation (Excluding Administered Prices) (percentage)","%","2023M3","8.9"
"Core Monthly Inflation (Excluding Administered Prices) (percentage)","%","2023M4","8.3"
"Core Monthly Inflation (Excluding Administered Prices) (percentage)","%","2023M5","7.7"
"Core Monthly Inflation (Excluding Administered Prices) (percentage)","%","2023M6","7.11677997516238"
"Core Monthly Inflation (Excluding Administered Prices) (percentage)","%","2023M7","5.9"
"Core Monthly Inflation (Excluding Administered Prices) (percentage)","%","2023M8","5.5"
"Core Monthly Inflation (Excluding Administered Prices) (percentage)","%","2023M9","5.2367"
"Core Monthly Inflation (Excluding Administered Prices) (percentage)","%","2023M10","4.9"
"Core Monthly Inflation (Excluding Administered Prices) (percentage)","%","2023M11","4.90356968030572"
"Core Monthly Inflation (Excluding Administered Prices) (percentage)","%","2023M12","4.43554371599757"
"Core Monthly Inflation (Excluding Administered Prices) (percentage)","%","2024M1","4.1"
"Core Monthly Inflation (Excluding Administered Prices) (percentage)","%","2024M2","4.14684533172178"
"Core Monthly Inflation (Excluding Administered Prices) (percentage)","%","2024M3","3.7"
"Core Monthly Inflation (Excluding Administered Prices) (percentage)","%","2024M4","3.09926294388856"
"Core Monthly Inflation (Excluding Administered Prices) (percentage)","%","2024M5","2.98285070972064"
"Core Monthly Inflation (Excluding Administered Prices) (percentage)","%","2024M6","2.72161080868709"
"Core Monthly Inflation (Excluding Administered Prices) (percentage)","%","2024M7","2.88577740329745"
"Core Monthly Inflation (Excluding Administered Prices) (percentage)","%","2024M8","3.18222577765526"
"Core Monthly Inflation (Excluding Administered Prices) (percentage)","%","2024M9","3.07234220244357"
"Core Monthly Inflation (Excluding Administered Prices) (percentage)","%","2024M10","2.95237235781192"
"Core Monthly Inflation (Excluding Administered Prices) (percentage)","%","2024M11","3.12234822388071"
"Core Monthly Inflation (Excluding Administered Prices) (percentage)","%","2024M12","3.29545265030757"
"Core Monthly Inflation (Excluding Administered Prices) (percentage)","%","2025M1","3.54861883885214"
"Core Monthly Inflation (Excluding Administered Prices) (percentage)","%","2025M2","3.84188814339255"
"Core Monthly Inflation (Excluding Administered Prices) (percentage)","%","2025M3","4.0418481824831"
"Core Monthly Inflation (Excluding Administered Prices) (percentage)","%","2025M4","4.12618173839454"
"Core Monthly Inflation (Excluding Administered Prices) (percentage)","%","2025M5","3.71100932530151"
"Core Monthly Inflation (Excluding Administered Prices) (percentage)","%","2025M6","3.86550211299661"
"Core Monthly Inflation (Excluding Administered Prices) (percentage)","%","2025M7","3.50980525563007"
"Core Monthly Inflation (Excluding Administered Prices) (percentage)","%","2025M8","3.87846915110617"
"Core Monthly Inflation (Excluding Administered Prices) (percentage)","%","2025M9","4.49547806334223"
"Core Monthly Inflation (Excluding Administered Prices) (percentage)","%","2025M10","4.78501086293976"
"Core Monthly Inflation (Excluding Administered Prices) (percentage)","%","2025M11","4.91789386649955"
"Core Monthly Inflation (Excluding Administered Prices) (percentage)","%","2025M12","4.90229953260346"
"Core Monthly Inflation (Excluding Administered Prices) (percentage)","%","2026M1","5.09954675182336"
"Core Monthly Inflation (Excluding Administered Prices) (percentage)","%","2026M2","5"
"Core Monthly Inflation (Excluding Administered Prices) (percentage)","%","2026M3","5.31301498593952"
"Core Monthly Inflation (Excluding Administered Prices) (percentage)","%","2026M4","5.57892187437938"
"Core Monthly Inflation (Excluding Administered Prices) (percentage)","%","2026M5","5.9407459519726"
"Core Monthly Inflation (Excluding Administered Prices) (percentage)","%","2026M6","5.85255540857577"
"Consumer Price Index (Trimmed Mean) (September 2016 = 100)","Index Sep 2016 = 100","2016M1","97.4586654212653"
"Consumer Price Index (Trimmed Mean) (September 2016 = 100)","Index Sep 2016 = 100","2016M2","97.7"
"Consumer Price Index (Trimmed Mean) (September 2016 = 100)","Index Sep 2016 = 100","2016M3","97.9208870725751"
"Consumer Price Index (Trimmed Mean) (September 2016 = 100)","Index Sep 2016 = 100","2016M4","98.5"
"Consumer Price Index (Trimmed Mean) (September 2016 = 100)","Index Sep 2016 = 100","2016M5","98.7"
"Consumer Price Index (Trimmed Mean) (September 2016 = 100)","Index Sep 2016 = 100","2016M6","98.7"
"Consumer Price Index (Trimmed Mean) (September 2016 = 100)","Index Sep 2016 = 100","2016M7","99.5"
"Consumer Price Index (Trimmed Mean) (September 2016 = 100)","Index Sep 2016 = 100","2016M8","99.7"
"Consumer Price Index (Trimmed Mean) (September 2016 = 100)","Index Sep 2016 = 100","2016M9","100"
"Consumer Price Index (Trimmed Mean) (September 2016 = 100)","Index Sep 2016 = 100","2016M10","100.2"
"Consumer Price Index (Trimmed Mean) (September 2016 = 100)","Index Sep 2016 = 100","2016M11","100.435798006059"
"Consumer Price Index (Trimmed Mean) (September 2016 = 100)","Index Sep 2016 = 100","2016M12","100.5"
"Consumer Price Index (Trimmed Mean) (September 2016 = 100)","Index Sep 2016 = 100","2017M1","101"
"Consumer Price Index (Trimmed Mean) (September 2016 = 100)","Index Sep 2016 = 100","2017M2","101.1"
"Consumer Price Index (Trimmed Mean) (September 2016 = 100)","Index Sep 2016 = 100","2017M3","101.7"
"Consumer Price Index (Trimmed Mean) (September 2016 = 100)","Index Sep 2016 = 100","2017M4","102"
"Consumer Price Index (Trimmed Mean) (September 2016 = 100)","Index Sep 2016 = 100","2017M5","102.1"
"Consumer Price Index (Trimmed Mean) (September 2016 = 100)","Index Sep 2016 = 100","2017M6","102.4"
"Consumer Price Index (Trimmed Mean) (September 2016 = 100)","Index Sep 2016 = 100","2017M7","102.5"
"Consumer Price Index (Trimmed Mean) (September 2016 = 100)","Index Sep 2016 = 100","2017M8","102.6"
"Consumer Price Index (Trimmed Mean) (September 2016 = 100)","Index Sep 2016 = 100","2017M9","102.7"
"Consumer Price Index (Trimmed Mean) (September 2016 = 100)","Index Sep 2016 = 100","2017M10","102.7"
"Consumer Price Index (Trimmed Mean) (September 2016 = 100)","Index Sep 2016 = 100","2017M11","103"
"Consumer Price Index (Trimmed Mean) (September 2016 = 100)","Index Sep 2016 = 100","2017M12","103.5"
"Consumer Price Index (Trimmed Mean) (September 2016 = 100)","Index Sep 2016 = 100","2018M1","103.8"
"Consumer Price Index (Trimmed Mean) (September 2016 = 100)","Index Sep 2016 = 100","2018M2","104.1"
"Consumer Price Index (Trimmed Mean) (September 2016 = 100)","Index Sep 2016 = 100","2018M3","104.4"
"Consumer Price Index (Trimmed Mean) (September 2016 = 100)","Index Sep 2016 = 100","2018M4","105.4"
"Consumer Price Index (Trimmed Mean) (September 2016 = 100)","Index Sep 2016 = 100","2018M5","105.5"
"Consumer Price Index (Trimmed Mean) (September 2016 = 100)","Index Sep 2016 = 100","2018M6","106.5"
"Consumer Price Index (Trimmed Mean) (September 2016 = 100)","Index Sep 2016 = 100","2018M7","106.6"
"Consumer Price Index (Trimmed Mean) (September 2016 = 100)","Index Sep 2016 = 100","2018M8","106.6"
"Consumer Price Index (Trimmed Mean) (September 2016 = 100)","Index Sep 2016 = 100","2018M9","106.7"
"Consumer Price Index (Trimmed Mean) (September 2016 = 100)","Index Sep 2016 = 100","2018M10","107.5"
"Consumer Price Index (Trimmed Mean) (September 2016 = 100)","Index Sep 2016 = 100","2018M11","107.6"
"Consumer Price Index (Trimmed Mean) (September 2016 = 100)","Index Sep 2016 = 100","2018M12","108"
"Consumer Price Index (Trimmed Mean) (September 2016 = 100)","Index Sep 2016 = 100","2019M1","100.4"
"Consumer Price Index (Trimmed Mean) (September 2016 = 100)","Index Sep 2016 = 100","2019M2","100.5"
"Consumer Price Index (Trimmed Mean) (September 2016 = 100)","Index Sep 2016 = 100","2019M3","100.6"
"Consumer Price Index (Trimmed Mean) (September 2016 = 100)","Index Sep 2016 = 100","2019M4","101.3"
"Consumer Price Index (Trimmed Mean) (September 2016 = 100)","Index Sep 2016 = 100","2019M5","101.5"
"Consumer Price Index (Trimmed Mean) (September 2016 = 100)","Index Sep 2016 = 100","2019M6","101.2"
"Consumer Price Index (Trimmed Mean) (September 2016 = 100)","Index Sep 2016 = 100","2019M7","101.5"
"Consumer Price Index (Trimmed Mean) (September 2016 = 100)","Index Sep 2016 = 100","2019M8","101.5"
"Consumer Price Index (Trimmed Mean) (September 2016 = 100)","Index Sep 2016 = 100","2019M9","101.6"
"Consumer Price Index (Trimmed Mean) (September 2016 = 100)","Index Sep 2016 = 100","2019M10","101.6"
"Consumer Price Index (Trimmed Mean) (September 2016 = 100)","Index Sep 2016 = 100","2019M11","101.7"
"Consumer Price Index (Trimmed Mean) (September 2016 = 100)","Index Sep 2016 = 100","2019M12","101.8"
"Consumer Price Index (Trimmed Mean) (September 2016 = 100)","Index Sep 2016 = 100","2020M1","102.2"
"Consumer Price Index (Trimmed Mean) (September 2016 = 100)","Index Sep 2016 = 100","2020M2","102.4"
"Consumer Price Index (Trimmed Mean) (September 2016 = 100)","Index Sep 2016 = 100","2020M3","102.5"
"Consumer Price Index (Trimmed Mean) (September 2016 = 100)","Index Sep 2016 = 100","2020M4","102.7"
"Consumer Price Index (Trimmed Mean) (September 2016 = 100)","Index Sep 2016 = 100","2020M5","103"
"Consumer Price Index (Trimmed Mean) (September 2016 = 100)","Index Sep 2016 = 100","2020M6","102.7"
"Consumer Price Index (Trimmed Mean) (September 2016 = 100)","Index Sep 2016 = 100","2020M7","102.9"
"Consumer Price Index (Trimmed Mean) (September 2016 = 100)","Index Sep 2016 = 100","2020M8","103.1"
"Consumer Price Index (Trimmed Mean) (September 2016 = 100)","Index Sep 2016 = 100","2020M9","104"
"Consumer Price Index (Trimmed Mean) (September 2016 = 100)","Index Sep 2016 = 100","2020M10","104.4"
"Consumer Price Index (Trimmed Mean) (September 2016 = 100)","Index Sep 2016 = 100","2020M11","104.6"
"Consumer Price Index (Trimmed Mean) (September 2016 = 100)","Index Sep 2016 = 100","2020M12","104.7"
"Consumer Price Index (Trimmed Mean) (September 2016 = 100)","Index Sep 2016 = 100","2021M1","105.3"
"Consumer Price Index (Trimmed Mean) (September 2016 = 100)","Index Sep 2016 = 100","2021M2","105.6"
"Consumer Price Index (Trimmed Mean) (September 2016 = 100)","Index Sep 2016 = 100","2021M3","106.2"
"Consumer Price Index (Trimmed Mean) (September 2016 = 100)","Index Sep 2016 = 100","2021M4","109.6"
"Consumer Price Index (Trimmed Mean) (September 2016 = 100)","Index Sep 2016 = 100","2021M5","110"
"Consumer Price Index (Trimmed Mean) (September 2016 = 100)","Index Sep 2016 = 100","2021M6","111"
"Consumer Price Index (Trimmed Mean) (September 2016 = 100)","Index Sep 2016 = 100","2021M7","113"
"Consumer Price Index (Trimmed Mean) (September 2016 = 100)","Index Sep 2016 = 100","2021M8","113.1"
"Consumer Price Index (Trimmed Mean) (September 2016 = 100)","Index Sep 2016 = 100","2021M9","113.1"
"Consumer Price Index (Trimmed Mean) (September 2016 = 100)","Index Sep 2016 = 100","2021M10","113.7"
"Consumer Price Index (Trimmed Mean) (September 2016 = 100)","Index Sep 2016 = 100","2021M11","113.7"
"Consumer Price Index (Trimmed Mean) (September 2016 = 100)","Index Sep 2016 = 100","2021M12","113.9"
"Consumer Price Index (Trimmed Mean) (September 2016 = 100)","Index Sep 2016 = 100","2022M1","116.2"
"Consumer Price Index (Trimmed Mean) (September 2016 = 100)","Index Sep 2016 = 100","2022M2","116.6"
"Consumer Price Index (Trimmed Mean) (September 2016 = 100)","Index Sep 2016 = 100","2022M3","116.9"
"Consumer Price Index (Trimmed Mean) (September 2016 = 100)","Index Sep 2016 = 100","2022M4","119.9"
"Consumer Price Index (Trimmed Mean) (September 2016 = 100)","Index Sep 2016 = 100","2022M5","121.9"
"Consumer Price Index (Trimmed Mean) (September 2016 = 100)","Index Sep 2016 = 100","2022M6","123.7"
"Consumer Price Index (Trimmed Mean) (September 2016 = 100)","Index Sep 2016 = 100","2022M7","125.8"
"Consumer Price Index (Trimmed Mean) (September 2016 = 100)","Index Sep 2016 = 100","2022M8","126.1"
"Consumer Price Index (Trimmed Mean) (September 2016 = 100)","Index Sep 2016 = 100","2022M9","126"
"Consumer Price Index (Trimmed Mean) (September 2016 = 100)","Index Sep 2016 = 100","2022M10","126.3"
"Consumer Price Index (Trimmed Mean) (September 2016 = 100)","Index Sep 2016 = 100","2022M11","125.9"
"Consumer Price Index (Trimmed Mean) (September 2016 = 100)","Index Sep 2016 = 100","2022M12","126.5"
"Consumer Price Index (Trimmed Mean) (September 2016 = 100)","Index Sep 2016 = 100","2023M1","127"
"Consumer Price Index (Trimmed Mean) (September 2016 = 100)","Index Sep 2016 = 100","2023M2","127"
"Consumer Price Index (Trimmed Mean) (September 2016 = 100)","Index Sep 2016 = 100","2023M3","128.5"
"Consumer Price Index (Trimmed Mean) (September 2016 = 100)","Index Sep 2016 = 100","2023M4","128.9"
"Consumer Price Index (Trimmed Mean) (September 2016 = 100)","Index Sep 2016 = 100","2023M5","126"
"Consumer Price Index (Trimmed Mean) (September 2016 = 100)","Index Sep 2016 = 100","2023M6","126.667931969068"
"Consumer Price Index (Trimmed Mean) (September 2016 = 100)","Index Sep 2016 = 100","2023M7","126.3"
"Consumer Price Index (Trimmed Mean) (September 2016 = 100)","Index Sep 2016 = 100","2023M8","126.4"
"Consumer Price Index (Trimmed Mean) (September 2016 = 100)","Index Sep 2016 = 100","2023M9","127.3834"
"Consumer Price Index (Trimmed Mean) (September 2016 = 100)","Index Sep 2016 = 100","2023M10","128.5"
"Consumer Price Index (Trimmed Mean) (September 2016 = 100)","Index Sep 2016 = 100","2023M11","132.031700481981"
"Consumer Price Index (Trimmed Mean) (September 2016 = 100)","Index Sep 2016 = 100","2023M12","131.760302434316"
"Consumer Price Index (Trimmed Mean) (September 2016 = 100)","Index Sep 2016 = 100","2024M1","132.9"
"Consumer Price Index (Trimmed Mean) (September 2016 = 100)","Index Sep 2016 = 100","2024M2","132.428983633489"
"Consumer Price Index (Trimmed Mean) (September 2016 = 100)","Index Sep 2016 = 100","2024M3","132.390497615297"
"Consumer Price Index (Trimmed Mean) (September 2016 = 100)","Index Sep 2016 = 100","2024M4","131.961301038241"
"Consumer Price Index (Trimmed Mean) (September 2016 = 100)","Index Sep 2016 = 100","2024M5","132.833115329096"
"Consumer Price Index (Trimmed Mean) (September 2016 = 100)","Index Sep 2016 = 100","2024M6","132.925380481211"
"Consumer Price Index (Trimmed Mean) (September 2016 = 100)","Index Sep 2016 = 100","2024M7","133.399388029022"
"Consumer Price Index (Trimmed Mean) (September 2016 = 100)","Index Sep 2016 = 100","2024M8","133.792929373917"
"Consumer Price Index (Trimmed Mean) (September 2016 = 100)","Index Sep 2016 = 100","2024M9","130.310101128619"
"Consumer Price Index (Trimmed Mean) (September 2016 = 100)","Index Sep 2016 = 100","2024M10","130.513649177863"
"Consumer Price Index (Trimmed Mean) (September 2016 = 100)","Index Sep 2016 = 100","2024M11","130.742519949872"
"Consumer Price Index (Trimmed Mean) (September 2016 = 100)","Index Sep 2016 = 100","2024M12","131.175572912615"
"Consumer Price Index (Trimmed Mean) (September 2016 = 100)","Index Sep 2016 = 100","2025M1","131.887974872716"
"Consumer Price Index (Trimmed Mean) (September 2016 = 100)","Index Sep 2016 = 100","2025M2","132.26190497893"
"Consumer Price Index (Trimmed Mean) (September 2016 = 100)","Index Sep 2016 = 100","2025M3","132.393482118862"
"Consumer Price Index (Trimmed Mean) (September 2016 = 100)","Index Sep 2016 = 100","2025M4","132.697188295286"
"Consumer Price Index (Trimmed Mean) (September 2016 = 100)","Index Sep 2016 = 100","2025M5","133.826630521509"
"Consumer Price Index (Trimmed Mean) (September 2016 = 100)","Index Sep 2016 = 100","2025M6","134.255734712108"
"Consumer Price Index (Trimmed Mean) (September 2016 = 100)","Index Sep 2016 = 100","2025M7","134.537329288207"
"Consumer Price Index (Trimmed Mean) (September 2016 = 100)","Index Sep 2016 = 100","2025M8","135.252863878552"
"Consumer Price Index (Trimmed Mean) (September 2016 = 100)","Index Sep 2016 = 100","2025M9","138.500170747681"
"Consumer Price Index (Trimmed Mean) (September 2016 = 100)","Index Sep 2016 = 100","2025M10","138.746746788904"
"Consumer Price Index (Trimmed Mean) (September 2016 = 100)","Index Sep 2016 = 100","2025M11","138.76437094782"
"Consumer Price Index (Trimmed Mean) (September 2016 = 100)","Index Sep 2016 = 100","2025M12","139.080431564149"
"Consumer Price Index (Trimmed Mean) (September 2016 = 100)","Index Sep 2016 = 100","2026M1","139.900891696489"
"Consumer Price Index (Trimmed Mean) (September 2016 = 100)","Index Sep 2016 = 100","2026M2","140.3"
"Consumer Price Index (Trimmed Mean) (September 2016 = 100)","Index Sep 2016 = 100","2026M3","140.933398936545"
"Consumer Price Index (Trimmed Mean) (September 2016 = 100)","Index Sep 2016 = 100","2026M4","148.651772624261"
"Consumer Price Index (Trimmed Mean) (September 2016 = 100)","Index Sep 2016 = 100","2026M5","149.112482036653"
"Consumer Price Index (Trimmed Mean) (September 2016 = 100)","Index Sep 2016 = 100","2026M6","149.272314435985"
"Core Monthly Inflation Rate (Trimmed Mean) (percentage)","%","2016M1","2.8"
"Core Monthly Inflation Rate (Trimmed Mean) (percentage)","%","2016M2","2.6"
"Core Monthly Inflation Rate (Trimmed Mean) (percentage)","%","2016M3","2.5"
"Core Monthly Inflation Rate (Trimmed Mean) (percentage)","%","2016M4","2.4"
"Core Monthly Inflation Rate (Trimmed Mean) (percentage)","%","2016M5","2.3"
"Core Monthly Inflation Rate (Trimmed Mean) (percentage)","%","2016M6","2.4"
"Core Monthly Inflation Rate (Trimmed Mean) (percentage)","%","2016M7","2.5"
"Core Monthly Inflation Rate (Trimmed Mean) (percentage)","%","2016M8","2.4"
"Core Monthly Inflation Rate (Trimmed Mean) (percentage)","%","2016M9","2.6"
"Core Monthly Inflation Rate (Trimmed Mean) (percentage)","%","2016M10","2.2"
"Core Monthly Inflation Rate (Trimmed Mean) (percentage)","%","2016M11","2.5"
"Core Monthly Inflation Rate (Trimmed Mean) (percentage)","%","2016M12","2.5"
"Core Monthly Inflation Rate (Trimmed Mean) (percentage)","%","2017M1","2.7"
"Core Monthly Inflation Rate (Trimmed Mean) (percentage)","%","2017M2","2.9"
"Core Monthly Inflation Rate (Trimmed Mean) (percentage)","%","2017M3","3.1"
"Core Monthly Inflation Rate (Trimmed Mean) (percentage)","%","2017M4","3.1"
"Core Monthly Inflation Rate (Trimmed Mean) (percentage)","%","2017M5","3.1"
"Core Monthly Inflation Rate (Trimmed Mean) (percentage)","%","2017M6","2.9"
"Core Monthly Inflation Rate (Trimmed Mean) (percentage)","%","2017M7","2.9"
"Core Monthly Inflation Rate (Trimmed Mean) (percentage)","%","2017M8","2.9"
"Core Monthly Inflation Rate (Trimmed Mean) (percentage)","%","2017M9","2.7"
"Core Monthly Inflation Rate (Trimmed Mean) (percentage)","%","2017M10","2.6"
"Core Monthly Inflation Rate (Trimmed Mean) (percentage)","%","2017M11","2.5"
"Core Monthly Inflation Rate (Trimmed Mean) (percentage)","%","2017M12","2.9"
"Core Monthly Inflation Rate (Trimmed Mean) (percentage)","%","2018M1","2.8"
"Core Monthly Inflation Rate (Trimmed Mean) (percentage)","%","2018M2","2.9"
"Core Monthly Inflation Rate (Trimmed Mean) (percentage)","%","2018M3","2.6"
"Core Monthly Inflation Rate (Trimmed Mean) (percentage)","%","2018M4","3.1"
"Core Monthly Inflation Rate (Trimmed Mean) (percentage)","%","2018M5","3"
"Core Monthly Inflation Rate (Trimmed Mean) (percentage)","%","2018M6","3.2"
"Core Monthly Inflation Rate (Trimmed Mean) (percentage)","%","2018M7","3.1"
"Core Monthly Inflation Rate (Trimmed Mean) (percentage)","%","2018M8","3"
"Core Monthly Inflation Rate (Trimmed Mean) (percentage)","%","2018M9","2.9"
"Core Monthly Inflation Rate (Trimmed Mean) (percentage)","%","2018M10","3.7"
"Core Monthly Inflation Rate (Trimmed Mean) (percentage)","%","2018M11","3.8"
"Core Monthly Inflation Rate (Trimmed Mean) (percentage)","%","2020M1","1.9"
"Core Monthly Inflation Rate (Trimmed Mean) (percentage)","%","2020M2","1.9"
"Core Monthly Inflation Rate (Trimmed Mean) (percentage)","%","2020M3","1.9"
"Core Monthly Inflation Rate (Trimmed Mean) (percentage)","%","2020M4","1.8"
"Core Monthly Inflation Rate (Trimmed Mean) (percentage)","%","2020M5","1.6"
"Core Monthly Inflation Rate (Trimmed Mean) (percentage)","%","2020M6","1"
"Core Monthly Inflation Rate (Trimmed Mean) (percentage)","%","2020M7","1"
"Core Monthly Inflation Rate (Trimmed Mean) (percentage)","%","2020M8","1.1"
"Core Monthly Inflation Rate (Trimmed Mean) (percentage)","%","2020M9","1.8"
"Core Monthly Inflation Rate (Trimmed Mean) (percentage)","%","2020M10","2.2"
"Core Monthly Inflation Rate (Trimmed Mean) (percentage)","%","2020M11","2.2"
"Core Monthly Inflation Rate (Trimmed Mean) (percentage)","%","2020M12","2.1"
"Core Monthly Inflation Rate (Trimmed Mean) (percentage)","%","2021M1","2.2"
"Core Monthly Inflation Rate (Trimmed Mean) (percentage)","%","2021M2","2.4"
"Core Monthly Inflation Rate (Trimmed Mean) (percentage)","%","2021M3","2.8"
"Core Monthly Inflation Rate (Trimmed Mean) (percentage)","%","2021M4","5.4"
"Core Monthly Inflation Rate (Trimmed Mean) (percentage)","%","2021M5","5.8"
"Core Monthly Inflation Rate (Trimmed Mean) (percentage)","%","2021M6","7.9"
"Core Monthly Inflation Rate (Trimmed Mean) (percentage)","%","2021M7","8.4"
"Core Monthly Inflation Rate (Trimmed Mean) (percentage)","%","2021M8","8.3"
"Core Monthly Inflation Rate (Trimmed Mean) (percentage)","%","2021M9","8"
"Core Monthly Inflation Rate (Trimmed Mean) (percentage)","%","2021M10","8.2"
"Core Monthly Inflation Rate (Trimmed Mean) (percentage)","%","2021M11","8"
"Core Monthly Inflation Rate (Trimmed Mean) (percentage)","%","2021M12","8"
"Core Monthly Inflation Rate (Trimmed Mean) (percentage)","%","2022M1","8.8"
"Core Monthly Inflation Rate (Trimmed Mean) (percentage)","%","2022M2","8.8"
"Core Monthly Inflation Rate (Trimmed Mean) (percentage)","%","2022M3","8.6"
"Core Monthly Inflation Rate (Trimmed Mean) (percentage)","%","2022M4","8.1"
"Core Monthly Inflation Rate (Trimmed Mean) (percentage)","%","2022M5","9.4"
"Core Monthly Inflation Rate (Trimmed Mean) (percentage)","%","2022M6","10.3"
"Core Monthly Inflation Rate (Trimmed Mean) (percentage)","%","2022M7","11.5"
"Core Monthly Inflation Rate (Trimmed Mean) (percentage)","%","2022M8","11.8"
"Core Monthly Inflation Rate (Trimmed Mean) (percentage)","%","2022M9","11.4"
"Core Monthly Inflation Rate (Trimmed Mean) (percentage)","%","2022M10","11.1"
"Core Monthly Inflation Rate (Trimmed Mean) (percentage)","%","2022M11","10.8"
"Core Monthly Inflation Rate (Trimmed Mean) (percentage)","%","2022M12","11.2"
"Core Monthly Inflation Rate (Trimmed Mean) (percentage)","%","2023M1","8.5"
"Core Monthly Inflation Rate (Trimmed Mean) (percentage)","%","2023M2","8.2"
"Core Monthly Inflation Rate (Trimmed Mean) (percentage)","%","2023M3","9.2"
"Core Monthly Inflation Rate (Trimmed Mean) (percentage)","%","2023M4","7.1"
"Core Monthly Inflation Rate (Trimmed Mean) (percentage)","%","2023M5","5.4"
"Core Monthly Inflation Rate (Trimmed Mean) (percentage)","%","2023M6","4.30068578262968"
"Core Monthly Inflation Rate (Trimmed Mean) (percentage)","%","2023M7","2.5"
"Core Monthly Inflation Rate (Trimmed Mean) (percentage)","%","2023M8","2.4"
"Core Monthly Inflation Rate (Trimmed Mean) (percentage)","%","2023M9","3.3092"
"Core Monthly Inflation Rate (Trimmed Mean) (percentage)","%","2023M10","3.2"
"Core Monthly Inflation Rate (Trimmed Mean) (percentage)","%","2023M11","3.668946573952"
"Core Monthly Inflation Rate (Trimmed Mean) (percentage)","%","2023M12","3.29776203220475"
"Core Monthly Inflation Rate (Trimmed Mean) (percentage)","%","2024M1","3.7"
"Core Monthly Inflation Rate (Trimmed Mean) (percentage)","%","2024M2","3.6728873772861"
"Core Monthly Inflation Rate (Trimmed Mean) (percentage)","%","2024M3","2.62577424913826"
"Core Monthly Inflation Rate (Trimmed Mean) (percentage)","%","2024M4","2.88970292159474"
"Core Monthly Inflation Rate (Trimmed Mean) (percentage)","%","2024M5","2.80927451973829"
"Core Monthly Inflation Rate (Trimmed Mean) (percentage)","%","2024M6","2.59406635400927"
"Core Monthly Inflation Rate (Trimmed Mean) (percentage)","%","2024M7","3.49501759885833"
"Core Monthly Inflation Rate (Trimmed Mean) (percentage)","%","2024M8","3.65742243534628"
"Core Monthly Inflation Rate (Trimmed Mean) (percentage)","%","2024M9","1.49393181087187"
"Core Monthly Inflation Rate (Trimmed Mean) (percentage)","%","2024M10","1.5712500663323"
"Core Monthly Inflation Rate (Trimmed Mean) (percentage)","%","2024M11","1.66953996430965"
"Core Monthly Inflation Rate (Trimmed Mean) (percentage)","%","2024M12","1.72448291635636"
"Core Monthly Inflation Rate (Trimmed Mean) (percentage)","%","2025M1","2.15858670699836"
"Core Monthly Inflation Rate (Trimmed Mean) (percentage)","%","2025M2","2.36333425947055"
"Core Monthly Inflation Rate (Trimmed Mean) (percentage)","%","2025M3","2.48038744248018"
"Core Monthly Inflation Rate (Trimmed Mean) (percentage)","%","2025M4","2.28463958365395"
"Core Monthly Inflation Rate (Trimmed Mean) (percentage)","%","2025M5","1.81925425067562"
"Core Monthly Inflation Rate (Trimmed Mean) (percentage)","%","2025M6","1.98666510556875"
"Core Monthly Inflation Rate (Trimmed Mean) (percentage)","%","2025M7","1.37284691434063"
"Core Monthly Inflation Rate (Trimmed Mean) (percentage)","%","2025M8","1.62404480174754"
"Core Monthly Inflation Rate (Trimmed Mean) (percentage)","%","2025M9","4.24650354691645"
"Core Monthly Inflation Rate (Trimmed Mean) (percentage)","%","2025M10","4.45121043703451"
"Core Monthly Inflation Rate (Trimmed Mean) (percentage)","%","2025M11","4.26676959111287"
"Core Monthly Inflation Rate (Trimmed Mean) (percentage)","%","2025M12","4.46231802618575"
"Core Monthly Inflation Rate (Trimmed Mean) (percentage)","%","2026M1","4.62217873399171"
"Core Monthly Inflation Rate (Trimmed Mean) (percentage)","%","2026M2","4.6"
"Core Monthly Inflation Rate (Trimmed Mean) (percentage)","%","2026M3","4.77347848169263"
"Core Monthly Inflation Rate (Trimmed Mean) (percentage)","%","2026M4","8.79646256132698"
"Core Monthly Inflation Rate (Trimmed Mean) (percentage)","%","2026M5","9.10994371229028"
"Core Monthly Inflation Rate (Trimmed Mean) (percentage)","%","2026M6","9.00950051448517"
